index,Relative Abundance of d__Bacteria;p__Firmicutes;c__Bacilli;o__Erysipelotrichales;f__Erysipelotrichaceae;g__Turicibacter,d__Bacteria;p__Verrucomicrobiota;c__Verrucomicrobiae;o__Verrucomicrobiales;f__Akkermansiaceae;g__Akkermansia,d__Bacteria;p__Firmicutes;c__Bacilli;o__Lactobacillales;f__Lactobacillaceae;g__Lactobacillus,d__Bacteria;p__Bacteroidota;c__Bacteroidia;o__Bacteroidales;f__Bacteroidaceae;g__Bacteroides,d__Bacteria;p__Firmicutes;c__Bacilli;o__Erysipelotrichales;f__Erysipelotrichaceae;g__Faecalibaculum,d__Bacteria;p__Bacteroidota;c__Bacteroidia;o__Bacteroidales;f__Muribaculaceae;g__Muribaculaceae,d__Bacteria;p__Firmicutes;c__Bacilli;o__Erysipelotrichales;f__Erysipelotrichaceae;g__Dubosiella,d__Bacteria;p__Firmicutes;c__Bacilli;o__Erysipelotrichales;f__Erysipelotrichaceae;g__Turicibacter,d__Bacteria;p__Firmicutes;c__Bacilli;o__Lactobacillales;f__Enterococcaceae;g__Enterococcus,d__Bacteria;p__Actinobacteriota;c__Actinobacteria;o__Bifidobacteriales;f__Bifidobacteriaceae;g__Bifidobacterium,d__Bacteria;p__Firmicutes;c__Clostridia;o__Lachnospirales;f__Lachnospiraceae;g__Lachnospiraceae_NK4A136_group,d__Bacteria;p__Firmicutes;c__Clostridia;o__Clostridiales;f__Clostridiaceae;g__Clostridium_sensu_stricto_1,d__Bacteria;p__Firmicutes;c__Clostridia;o__Lachnospirales;f__Lachnospiraceae;g__[Eubacterium]_ventriosum_group,d__Bacteria;p__Firmicutes;c__Clostridia;o__Clostridia_UCG-014;f__Clostridia_UCG-014;g__Clostridia_UCG-014,d__Bacteria;p__Firmicutes;c__Clostridia;o__Lachnospirales;f__Lachnospiraceae;__,d__Bacteria;p__Firmicutes;c__Bacilli;o__Acholeplasmatales;f__Acholeplasmataceae;g__Anaeroplasma,d__Bacteria;p__Firmicutes;c__Clostridia;o__Oscillospirales;f__Oscillospiraceae;g__uncultured,d__Bacteria;p__Firmicutes;c__Clostridia;o__Peptostreptococcales-Tissierellales;f__Peptostreptococcaceae;g__Terrisporobacter,d__Bacteria;p__Firmicutes;c__Clostridia;o__Oscillospirales;f__Ruminococcaceae;g__Ruminococcus,d__Bacteria;p__Firmicutes;c__Clostridia;o__Lachnospirales;f__Lachnospiraceae;g__[Eubacterium]_xylanophilum_group,d__Bacteria;p__Firmicutes;c__Clostridia;o__Lachnospirales;f__Lachnospiraceae;g__Roseburia,d__Bacteria;p__Firmicutes;c__Clostridia;o__Oscillospirales;f__[Eubacterium]_coprostanoligenes_group;g__[Eubacterium]_coprostanoligenes_group,d__Bacteria;p__Firmicutes;c__Clostridia;o__Lachnospirales;f__Lachnospiraceae;g__A2,d__Bacteria;p__Firmicutes;c__Clostridia;o__Peptostreptococcales-Tissierellales;f__Peptostreptococcaceae;g__Romboutsia,d__Bacteria;p__Firmicutes;c__Clostridia;o__Oscillospirales;f__Oscillospiraceae;g__Oscillibacter,d__Bacteria;p__Firmicutes;c__Clostridia;o__Lachnospirales;f__Lachnospiraceae;g__Lachnospiraceae_UCG-006,d__Bacteria;p__Firmicutes;c__Clostridia;o__Oscillospirales;f__Oscillospiraceae;g__Intestinimonas,d__Bacteria;p__Firmicutes;c__Bacilli;o__Lactobacillales;f__Streptococcaceae;g__Streptococcus,d__Bacteria;p__Firmicutes;c__Clostridia;o__Peptococcales;f__Peptococcaceae;g__uncultured,d__Bacteria;p__Firmicutes;c__Clostridia;o__Monoglobales;f__Monoglobaceae;g__Monoglobus,d__Bacteria;p__Firmicutes;c__Clostridia;o__Oscillospirales;f__Oscillospiraceae;__,d__Bacteria;p__Firmicutes;c__Clostridia;o__Oscillospirales;f__Ruminococcaceae;g__Incertae_Sedis,d__Bacteria;p__Firmicutes;c__Clostridia;o__Lachnospirales;f__Lachnospiraceae;g__Tyzzerella,d__Bacteria;p__Firmicutes;c__Bacilli;o__Lactobacillales;f__Lactobacillaceae;__,d__Bacteria;p__Firmicutes;c__Clostridia;o__Oscillospirales;f__Oscillospiraceae;g__Colidextribacter,d__Bacteria;p__Firmicutes;c__Clostridia;o__Oscillospirales;f__Ruminococcaceae;g__[Eubacterium]_siraeum_group,d__Bacteria;p__Actinobacteriota;c__Coriobacteriia;o__Coriobacteriales;f__Eggerthellaceae;g__Parvibacter,d__Bacteria;p__Firmicutes;c__Clostridia;o__Peptostreptococcales-Tissierellales;f__Anaerovoracaceae;g__[Eubacterium]_nodatum_group,d__Bacteria;p__Firmicutes;c__Bacilli;o__Bacillales;f__Bacillaceae;g__Bacillus,d__Bacteria;p__Actinobacteriota;c__Coriobacteriia;o__Coriobacteriales;f__Eggerthellaceae;g__Enterorhabdus,d__Bacteria;p__Firmicutes;c__Clostridia;o__Oscillospirales;f__Oscillospiraceae;g__UCG-005,d__Bacteria;p__Firmicutes;c__Clostridia;o__Lachnospirales;f__Lachnospiraceae;g__Lachnospiraceae_FCS020_group,d__Bacteria;p__Firmicutes;c__Clostridia;o__Christensenellales;f__Christensenellaceae;g__uncultured,d__Bacteria;p__Firmicutes;c__Clostridia;o__Lachnospirales;f__Lachnospiraceae;g__GCA-900066575,d__Bacteria;p__Firmicutes;c__Clostridia;o__Oscillospirales;f__Ruminococcaceae;g__Anaerotruncus,d__Bacteria;p__Firmicutes;c__Clostridia;o__Lachnospirales;f__Lachnospiraceae;g__Lachnospiraceae_UCG-001,d__Bacteria;p__Patescibacteria;c__Saccharimonadia;o__Saccharimonadales;f__Saccharimonadaceae;g__Candidatus_Saccharimonas,d__Bacteria;p__Firmicutes;c__Clostridia;o__Lachnospirales;f__Lachnospiraceae;g__uncultured,d__Bacteria;p__Firmicutes;c__Clostridia;o__Oscillospirales;f__Butyricicoccaceae;g__UCG-009,d__Bacteria;p__Actinobacteriota;c__Actinobacteria;o__Corynebacteriales;f__Nocardiaceae;g__Rhodococcus,d__Bacteria;p__Firmicutes;c__Clostridia;o__Oscillospirales;f__Ruminococcaceae;g__uncultured,d__Bacteria;p__Firmicutes;c__Clostridia;o__Lachnospirales;f__Lachnospiraceae;g__Marvinbryantia,d__Bacteria;p__Firmicutes;c__Clostridia;o__Clostridia_vadinBB60_group;f__Clostridia_vadinBB60_group;g__Clostridia_vadinBB60_group,d__Bacteria;p__Firmicutes;c__Clostridia;o__Oscillospirales;f__Ruminococcaceae;__,d__Bacteria;p__Firmicutes;c__Clostridia;o__Lachnospirales;f__Lachnospiraceae;g__Tuzzerella,d__Bacteria;p__Firmicutes;c__Clostridia;o__Oscillospirales;f__UCG-010;g__UCG-010,d__Bacteria;p__Firmicutes;c__Bacilli;o__Staphylococcales;f__Staphylococcaceae;g__Staphylococcus,d__Bacteria;p__Firmicutes;c__Clostridia;o__Lachnospirales;f__Lachnospiraceae;g__ASF356,d__Bacteria;p__Firmicutes;c__Bacilli;o__Paenibacillales;f__Paenibacillaceae;g__Paenibacillus,d__Bacteria;p__Proteobacteria;c__Gammaproteobacteria;o__Enterobacterales;f__Enterobacteriaceae;g__Escherichia-Shigella,d__Bacteria;p__Firmicutes;c__Bacilli;o__Erysipelotrichales;f__Erysipelotrichaceae;g__Erysipelotrichaceae,d__Bacteria;p__Actinobacteriota;c__Actinobacteria;o__Micrococcales;f__Dermabacteraceae;g__Brachybacterium,d__Bacteria;p__Actinobacteriota;c__Actinobacteria;o__Micrococcales;f__Microbacteriaceae;__,d__Bacteria;p__Firmicutes;c__Clostridia;o__Peptostreptococcales-Tissierellales;f__Anaerovoracaceae;g__[Eubacterium]_brachy_group,d__Bacteria;p__Firmicutes;c__Clostridia;o__Oscillospirales;f__Ruminococcaceae;g__Ruminococcaceae,d__Bacteria;p__Firmicutes;c__Clostridia;o__Peptostreptococcales-Tissierellales;f__Anaerovoracaceae;g__Family_XIII_UCG-001,d__Bacteria;p__Firmicutes;c__Clostridia;o__Lachnospirales;f__Lachnospiraceae;g__Acetatifactor,d__Bacteria;p__Firmicutes;c__Clostridia;o__Peptostreptococcales-Tissierellales;f__Anaerovoracaceae;g__Family_XIII_AD3011_group,d__Bacteria;p__Firmicutes;c__Clostridia;o__Lachnospirales;f__Lachnospiraceae;g__Lachnospiraceae_UCG-007,d__Bacteria;p__Actinobacteriota;c__Actinobacteria;o__Corynebacteriales;f__Dietziaceae;g__Dietzia,d__Bacteria;p__Proteobacteria;c__Alphaproteobacteria;o__Rickettsiales;f__Mitochondria;g__Mitochondria,d__Bacteria;p__Firmicutes;c__Bacilli;o__Bacillales;f__Bacillaceae;__,d__Bacteria;p__Firmicutes;c__Clostridia;o__Peptostreptococcales-Tissierellales;f__Peptostreptococcaceae;g__Intestinibacter,d__Bacteria;p__Actinobacteriota;c__Actinobacteria;o__Corynebacteriales;f__Corynebacteriaceae;g__Corynebacterium,d__Bacteria;p__Firmicutes;c__Clostridia;o__Peptostreptococcales-Tissierellales;f__Peptostreptococcales-Tissierellales;g__Alkaliphilus,d__Bacteria;p__Firmicutes;c__Clostridia;o__uncultured;f__uncultured;g__uncultured,d__Bacteria;p__Firmicutes;c__Bacilli;o__Erysipelotrichales;f__Erysipelatoclostridiaceae;g__Erysipelatoclostridiaceae,d__Bacteria;p__Firmicutes;c__Bacilli;o__Bacillales;f__Bacillaceae;g__Virgibacillus,d__Bacteria;p__Actinobacteriota;c__Actinobacteria;o__Corynebacteriales;f__Mycobacteriaceae;g__Mycobacterium,d__Bacteria;p__Firmicutes;c__Bacilli;o__Thermoactinomycetales;f__Thermoactinomycetaceae;g__Kroppenstedtia,d__Bacteria;p__Firmicutes;c__Bacilli;o__Staphylococcales;f__Staphylococcaceae;g__Staphylococcaceae,d__Bacteria;p__Actinobacteriota;c__Actinobacteria;o__Propionibacteriales;f__Propionibacteriaceae;g__Cutibacterium,d__Bacteria;p__Cyanobacteria;c__Cyanobacteriia;o__Chloroplast;f__Chloroplast;g__Chloroplast,d__Bacteria;p__Firmicutes;c__Clostridia;o__Oscillospirales;f__Ruminococcaceae;g__Harryflintia,d__Bacteria;p__Actinobacteriota;c__Actinobacteria;o__Corynebacteriales;f__Nocardiaceae;g__Gordonia,d__Bacteria;p__Actinobacteriota;c__Actinobacteria;o__Micrococcales;f__Micrococcaceae;__,d__Bacteria;p__Firmicutes;c__Bacilli;o__Erysipelotrichales;f__Erysipelotrichaceae;g__uncultured,d__Bacteria;p__Bacteroidota;c__Bacteroidia;o__Bacteroidales;f__Prevotellaceae;g__Prevotellaceae_UCG-001,d__Bacteria;p__Firmicutes;c__Bacilli;o__Lactobacillales;f__Lactobacillaceae;g__Weissella,d__Bacteria;p__Actinobacteriota;c__Actinobacteria;o__Micrococcales;f__Micrococcaceae;g__Nesterenkonia,d__Bacteria;p__Actinobacteriota;c__Actinobacteria;o__Corynebacteriales;f__Corynebacteriaceae;g__Lawsonella,d__Bacteria;p__Campylobacterota;c__Campylobacteria;o__Campylobacterales;f__Helicobacteraceae;g__Helicobacter,d__Bacteria;p__Actinobacteriota;c__Actinobacteria;o__Kineosporiales;f__Kineosporiaceae;g__Kineococcus,d__Bacteria;p__Actinobacteriota;c__Coriobacteriia;o__Coriobacteriales;f__Eggerthellaceae;__,d__Bacteria;p__Actinobacteriota;c__Actinobacteria;o__Micrococcales;f__Brevibacteriaceae;g__Brevibacterium,d__Bacteria;p__Actinobacteriota;c__Actinobacteria;o__Pseudonocardiales;f__Pseudonocardiaceae;g__Saccharopolyspora,d__Bacteria;p__Actinobacteriota;c__Coriobacteriia;o__Coriobacteriales;f__Eggerthellaceae;g__Adlercreutzia,d__Bacteria;p__Actinobacteriota;c__Actinobacteria;o__Streptomycetales;f__Streptomycetaceae;g__Streptomyces,d__Bacteria;p__Firmicutes;c__Clostridia;o__Oscillospirales;f__Ruminococcaceae;g__Paludicola,d__Bacteria;p__Firmicutes;c__Bacilli;o__Bacillales;f__Planococcaceae;g__Lysinibacillus,d__Bacteria;p__Firmicutes;c__Bacilli;o__Bacillales;f__Planococcaceae;__,d__Bacteria;p__Firmicutes;c__Bacilli;o__Lactobacillales;f__Lactobacillaceae;g__HT002,d__Bacteria;p__Firmicutes;c__Negativicutes;o__Veillonellales-Selenomonadales;f__Sporomusaceae;g__Sporomusa,d__Bacteria;p__Firmicutes;c__Desulfotomaculia;o__Desulfotomaculales;f__Desulfotomaculaceae;g__Desulfohalotomaculum,d__Bacteria;p__Firmicutes;c__Clostridia;o__Lachnospirales;f__Lachnospiraceae;g__Lachnospiraceae_UCG-010,d__Bacteria;p__Actinobacteriota;c__Actinobacteria;o__Micrococcales;f__Microbacteriaceae;g__Leucobacter,d__Bacteria;p__Firmicutes;c__Clostridia;o__Lachnospirales;f__Lachnospiraceae;g__Anaerostignum,d__Bacteria;p__Firmicutes;c__Clostridia;o__Peptostreptococcales-Tissierellales;f__Proteiniboraceae;g__Proteiniborus,d__Bacteria;p__Actinobacteriota;c__Actinobacteria;o__Micrococcales;f__Micrococcaceae;g__Kocuria,d__Bacteria;p__Actinobacteriota;c__Actinobacteria;o__Kineosporiales;f__Kineosporiaceae;g__Pseudokineococcus,d__Bacteria;p__Proteobacteria;c__Alphaproteobacteria;o__Rhizobiales;f__Rhizobiaceae;g__Allorhizobium-Neorhizobium-Pararhizobium-Rhizobium,d__Bacteria;p__Actinobacteriota;c__Actinobacteria;__;__;__,d__Bacteria;p__Firmicutes;c__Bacilli;o__Bacillales;f__Bacillaceae;g__Oceanobacillus,d__Bacteria;p__Firmicutes;c__Clostridia;o__Peptostreptococcales-Tissierellales;f__Family_XI;g__Anaerosalibacter,d__Bacteria;p__Firmicutes;c__Clostridia;o__Peptostreptococcales-Tissierellales;f__Peptostreptococcaceae;__,d__Bacteria;p__Actinobacteriota;c__Actinobacteria;o__Micrococcales;f__Cellulomonadaceae;__,d__Bacteria;p__Firmicutes;c__Bacilli;o__RF39;f__RF39;g__RF39,d__Bacteria;p__Firmicutes;c__Clostridia;o__Oscillospirales;__;__,d__Bacteria;p__Actinobacteriota;c__Actinobacteria;o__Micrococcales;f__Micrococcaceae;g__Glutamicibacter,d__Bacteria;p__Bacteroidota;c__Bacteroidia;o__Bacteroidales;f__Prevotellaceae;g__Prevotella_7,d__Bacteria;p__Firmicutes;c__Bacilli;o__Brevibacillales;f__Brevibacillaceae;g__Brevibacillus,d__Bacteria;p__Firmicutes;c__Bacilli;o__Bacillales;__;__,d__Bacteria;p__Firmicutes;c__Clostridia;o__Clostridiales;f__Clostridiaceae;g__Clostridium_sensu_stricto_11,d__Bacteria;p__Firmicutes;c__Bacilli;o__Erysipelotrichales;f__Erysipelatoclostridiaceae;g__Erysipelatoclostridium,d__Bacteria;p__Proteobacteria;c__Alphaproteobacteria;o__Rhizobiales;f__Rhizobiaceae;__,d__Bacteria;p__Firmicutes;c__Clostridia;o__Clostridiales;f__Clostridiaceae;g__Clostridium_sensu_stricto_13,d__Bacteria;p__Firmicutes;c__Bacilli;o__Lactobacillales;f__Streptococcaceae;g__Lactococcus,d__Bacteria;p__Firmicutes;c__Desulfitobacteriia;o__Desulfitobacteriales;f__Desulfitobacteriaceae;g__Desulfitobacterium,d__Bacteria;p__Actinobacteriota;c__Actinobacteria;o__Streptomycetales;f__Streptomycetaceae;__,d__Bacteria;p__Firmicutes;c__Clostridia;o__Lachnospirales;f__Defluviitaleaceae;g__Defluviitalea,d__Bacteria;p__Firmicutes;c__Negativicutes;o__Veillonellales-Selenomonadales;f__Veillonellaceae;g__Veillonella,d__Bacteria;p__Firmicutes;c__Bacilli;o__Bacillales;f__Bacillaceae;g__Sinibacillus,d__Bacteria;p__Bacteroidota;c__Bacteroidia;o__Bacteroidales;f__Prevotellaceae;g__Alloprevotella,d__Bacteria;p__Firmicutes;c__Clostridia;o__Peptostreptococcales-Tissierellales;f__Sedimentibacteraceae;g__Sedimentibacter,d__Bacteria;p__Firmicutes;c__Bacilli;o__Staphylococcales;f__Staphylococcaceae;g__Aliicoccus,d__Bacteria;__;__;__;__;__,d__Bacteria;p__Firmicutes;c__Bacilli;o__Bacillales;f__Bacillaceae;g__uncultured,d__Bacteria;p__Firmicutes;c__Bacilli;o__Lactobacillales;f__Lactobacillaceae;g__Ligilactobacillus,d__Bacteria;p__Firmicutes;c__Clostridia;o__Lachnospirales;f__Lachnospiraceae;g__[Eubacterium]_fissicatena_group,d__Bacteria;p__Bacteroidota;c__Bacteroidia;o__Bacteroidales;f__Muribaculaceae;g__Muribaculum,d__Bacteria;p__Desulfobacterota;c__Desulfovibrionia;o__Desulfovibrionales;f__Desulfovibrionaceae;g__Desulfovibrio,d__Bacteria;p__Firmicutes;c__Desulfotomaculia;o__Desulfotomaculales;f__Desulfotomaculaceae;g__Desulfotomaculum,d__Bacteria;p__Proteobacteria;c__Gammaproteobacteria;o__Burkholderiales;f__Sutterellaceae;g__Parasutterella,d__Bacteria;p__Firmicutes;c__Clostridia;o__Lachnospirales;f__Lachnospiraceae;g__Dorea,d__Bacteria;p__Firmicutes;c__Clostridia;o__Clostridiales;f__Caloramatoraceae;g__uncultured,d__Bacteria;p__Desulfobacterota;c__Desulfovibrionia;o__Desulfovibrionales;f__Desulfovibrionaceae;g__uncultured,d__Bacteria;p__Bacteroidota;c__Bacteroidia;o__Bacteroidales;f__Rikenellaceae;g__Alistipes,d__Bacteria;p__Firmicutes;c__Bacilli;o__Thermoactinomycetales;f__Thermoactinomycetaceae;g__Geothermomicrobium,Unassigned;__;__;__;__;__,d__Bacteria;p__Firmicutes;c__Bacilli;o__Lactobacillales;f__Carnobacteriaceae;g__Atopostipes,d__Bacteria;p__Firmicutes;c__Clostridia;o__Clostridiales;f__Clostridiaceae;g__Clostridium_sensu_stricto_12,d__Bacteria;p__Firmicutes;c__Bacilli;o__Erysipelotrichales;f__Erysipelotrichaceae;__,d__Bacteria;p__Firmicutes;c__Clostridia;o__Oscillospirales;f__Butyricicoccaceae;g__Butyricicoccus,d__Bacteria;p__Actinobacteriota;c__Coriobacteriia;o__Coriobacteriales;f__Coriobacteriales_Incertae_Sedis;g__uncultured,d__Bacteria;p__Firmicutes;c__Bacilli;o__Lactobacillales;f__Vagococcaceae;g__Vagococcus,d__Bacteria;p__Firmicutes;c__Clostridia;o__Oscillospirales;f__Hungateiclostridiaceae;g__HN-HF0106,d__Bacteria;p__Firmicutes;c__Bacilli;o__Lactobacillales;f__Enterococcaceae;g__Tetragenococcus,d__Bacteria;p__Bacteroidota;c__Bacteroidia;o__Bacteroidales;f__Rikenellaceae;g__Rikenella,d__Bacteria;p__Firmicutes;c__Syntrophomonadia;o__Syntrophomonadales;f__Syntrophomonadaceae;__,d__Bacteria;p__Firmicutes;c__Clostridia;o__Peptostreptococcales-Tissierellales;f__Family_XI;g__Tissierella,d__Bacteria;p__Firmicutes;c__Clostridia;o__Lachnospirales;f__Lachnospiraceae;g__Anaerosporobacter,d__Bacteria;p__Firmicutes;c__Clostridia;o__Peptostreptococcales-Tissierellales;f__Peptostreptococcaceae;g__Paraclostridium,d__Bacteria;p__Actinobacteriota;c__Actinobacteria;o__Micrococcales;f__Sanguibacteraceae;g__Sanguibacter-Flavimobilis,d__Bacteria;p__Firmicutes;c__Bacilli;o__Staphylococcales;f__Staphylococcaceae;g__Jeotgalicoccus,d__Bacteria;p__Firmicutes;c__Negativicutes;o__Veillonellales-Selenomonadales;f__Selenomonadaceae;g__Selenomonas,d__Bacteria;p__Firmicutes;c__Clostridia;o__Lachnospirales;f__Lachnospiraceae;g__Anaerocolumna,d__Bacteria;p__Firmicutes;c__Bacilli;o__Lactobacillales;f__Carnobacteriaceae;g__Carnobacterium,d__Bacteria;p__Firmicutes;c__Bacilli;o__Bacillales;f__Planococcaceae;g__Sporosarcina,d__Bacteria;p__Proteobacteria;c__Alphaproteobacteria;o__Rhizobiales;f__Rhizobiales_Incertae_Sedis;g__Phreatobacter,d__Bacteria;p__Chloroflexi;c__Chloroflexia;o__Thermomicrobiales;f__JG30-KF-CM45;g__JG30-KF-CM45,d__Bacteria;p__Firmicutes;c__Clostridia;o__Clostridiales;f__Clostridiaceae;g__Clostridium_sensu_stricto_6,d__Bacteria;p__Firmicutes;c__Bacilli;o__Bacillales;f__Bacillaceae;g__Ureibacillus,d__Bacteria;p__Firmicutes;c__Bacilli;o__Lactobacillales;f__Enterococcaceae;__,d__Bacteria;p__Firmicutes;c__Bacilli;o__Lactobacillales;f__Lactobacillaceae;g__Lacticaseibacillus,d__Bacteria;p__Firmicutes;c__Bacilli;o__Lactobacillales;f__Lactobacillaceae;g__Lactiplantibacillus,d__Bacteria;p__Actinobacteriota;c__Actinobacteria;o__Micrococcales;__;__,d__Bacteria;p__Proteobacteria;c__Alphaproteobacteria;o__Rhizobiales;f__Beijerinckiaceae;g__Methylobacterium-Methylorubrum,d__Bacteria;p__Firmicutes;c__Bacilli;o__Bacillales;f__Bacillaceae;g__Amphibacillus,d__Bacteria;p__Firmicutes;c__Bacilli;o__Lactobacillales;f__Aerococcaceae;g__Aerosphaera,d__Bacteria;p__Firmicutes;c__Bacilli;o__Paenibacillales;f__Paenibacillaceae;__,d__Bacteria;p__Bacteroidota;c__Bacteroidia;o__Bacteroidales;f__Tannerellaceae;g__Parabacteroides,d__Bacteria;p__Firmicutes;c__Clostridia;o__Peptostreptococcales-Tissierellales;f__Anaerovoracaceae;__,d__Bacteria;p__Bacteroidota;c__Bacteroidia;o__Bacteroidales;f__Marinifilaceae;g__Odoribacter,d__Bacteria;p__Firmicutes;c__Bacilli;o__Bacillales;f__Bacillaceae;g__Cerasibacillus,d__Bacteria;p__Deferribacterota;c__Deferribacteres;o__Deferribacterales;f__Deferribacteraceae;g__Mucispirillum,d__Bacteria;p__Firmicutes;c__Bacilli;o__Thermoactinomycetales;f__Thermoactinomycetaceae;g__Thermoactinomyces,d__Bacteria;p__Actinobacteriota;c__Actinobacteria;o__Micrococcales;f__Microbacteriaceae;g__Rathayibacter,d__Bacteria;p__Firmicutes;c__Clostridia;o__Peptostreptococcales-Tissierellales;f__Peptostreptococcaceae;g__Peptostreptococcus,d__Bacteria;p__Verrucomicrobiota;c__Omnitrophia;o__Omnitrophales;f__Omnitrophaceae;g__Candidatus_Omnitrophus,d__Bacteria;p__Actinobacteriota;c__Coriobacteriia;o__Coriobacteriales;f__Atopobiaceae;__,d__Bacteria;p__Myxococcota;c__Myxococcia;o__Myxococcales;f__Myxococcaceae;g__Myxococcus,d__Bacteria;p__Firmicutes;c__Bacilli;o__Bacillales;f__Bacillaceae;g__Pseudogracilibacillus,d__Bacteria;p__Actinobacteriota;c__Actinobacteria;o__Micrococcales;f__Bogoriellaceae;g__Georgenia,d__Bacteria;p__Proteobacteria;c__Alphaproteobacteria;o__Rhizobiales;f__Devosiaceae;g__Devosia,d__Bacteria;p__Firmicutes;c__Bacilli;o__Bacillales;f__Planococcaceae;g__Solibacillus,d__Bacteria;p__Firmicutes;c__Clostridia;o__Lachnospirales;f__Lachnospiraceae;g__Lachnoanaerobaculum,d__Bacteria;p__Firmicutes;c__Bacilli;o__Bacillales;f__Planococcaceae;g__Kurthia,d__Bacteria;p__Firmicutes;c__Clostridia;o__Clostridiales;f__Clostridiaceae;g__Clostridium_sensu_stricto_8,d__Bacteria;p__Proteobacteria;c__Alphaproteobacteria;o__Rhizobiales;f__Hyphomicrobiaceae;__,d__Bacteria;p__Firmicutes;c__Bacilli;o__Bacillales;f__Planococcaceae;g__Rummeliibacillus,d__Bacteria;p__Firmicutes;c__Bacilli;o__Thermoactinomycetales;f__Thermoactinomycetaceae;g__Laceyella,d__Bacteria;p__Firmicutes;c__Clostridia;o__Lachnospirales;f__Lachnospiraceae;g__Cellulosilyticum,d__Bacteria;p__Proteobacteria;c__Gammaproteobacteria;o__Burkholderiales;f__Neisseriaceae;g__Neisseria,d__Bacteria;p__Firmicutes;c__Bacilli;o__Lactobacillales;f__Lactobacillaceae;g__Levilactobacillus,d__Bacteria;p__Actinobacteriota;c__Actinobacteria;o__Streptosporangiales;f__Nocardiopsaceae;g__Nocardiopsis,d__Bacteria;p__Actinobacteriota;c__Actinobacteria;o__Micrococcales;f__Micrococcaceae;g__Rothia,d__Bacteria;p__Actinobacteriota;c__Actinobacteria;o__Actinomycetales;f__Actinomycetaceae;g__Actinomyces,d__Bacteria;p__Firmicutes;c__Clostridia;o__Peptostreptococcales-Tissierellales;f__Family_XI;__,d__Bacteria;p__Actinobacteriota;c__Actinobacteria;o__Micrococcales;f__Microbacteriaceae;g__Curtobacterium,d__Bacteria;p__Firmicutes;c__Clostridia;o__Clostridiales;f__Clostridiaceae;g__Clostridium_sensu_stricto_7,d__Bacteria;p__Firmicutes;c__Limnochordia;o__MBA03;f__MBA03;g__MBA03,d__Bacteria;p__Firmicutes;c__Bacilli;o__Paenibacillales;f__Paenibacillaceae;g__Saccharibacillus,d__Bacteria;p__Desulfobacterota;c__Desulfovibrionia;o__Desulfovibrionales;f__Desulfovibrionaceae;g__Bilophila,d__Bacteria;p__Firmicutes;c__Clostridia;o__Lachnospirales;f__Lachnospiraceae;g__Lachnospira,d__Bacteria;p__Bacteroidota;c__Bacteroidia;o__Bacteroidales;f__Rikenellaceae;g__Rikenellaceae_RC9_gut_group,d__Bacteria;p__Fusobacteriota;c__Fusobacteriia;o__Fusobacteriales;f__Leptotrichiaceae;g__Leptotrichia,d__Bacteria;p__Campylobacterota;c__Campylobacteria;o__Campylobacterales;f__Campylobacteraceae;g__Campylobacter,d__Bacteria;p__Cyanobacteria;c__Vampirivibrionia;o__Gastranaerophilales;f__Gastranaerophilales;g__Gastranaerophilales,d__Bacteria;p__Bacteroidota;c__Bacteroidia;o__Bacteroidales;f__Prevotellaceae;__,d__Bacteria;p__Proteobacteria;c__Alphaproteobacteria;o__Sphingomonadales;f__Sphingomonadaceae;g__Sphingomonas,d__Bacteria;p__Actinobacteriota;c__Actinobacteria;o__Micrococcales;f__Microbacteriaceae;g__Gulosibacter,d__Bacteria;p__Firmicutes;c__Bacilli;o__Bacillales;f__Planococcaceae;g__Savagea,d__Bacteria;p__Firmicutes;c__Bacilli;o__Thermoactinomycetales;f__Thermoactinomycetaceae;g__Melghirimyces,d__Bacteria;p__Proteobacteria;c__Gammaproteobacteria;o__Pseudomonadales;f__Moraxellaceae;g__Acinetobacter,d__Bacteria;p__Firmicutes;c__Thermovenabulia;o__Thermovenabulales;f__Thermovenabulales;g__Fervidicola,d__Bacteria;p__Firmicutes;c__Bacilli;o__Bacillales;f__Bacillaceae;g__Aeribacillus,d__Bacteria;p__Firmicutes;c__Clostridia;o__Lachnospirales;f__Lachnospiraceae;g__Coprococcus,d__Bacteria;p__Actinobacteriota;c__Actinobacteria;o__Bifidobacteriales;f__Bifidobacteriaceae;g__Aeriscardovia,d__Bacteria;p__Firmicutes;c__Bacilli;o__Lactobacillales;f__Lactobacillaceae;g__Pediococcus,d__Bacteria;p__Proteobacteria;c__Alphaproteobacteria;o__Rhizobiales;f__Rhizobiaceae;g__uncultured,d__Bacteria;p__Actinobacteriota;c__Actinobacteria;o__Propionibacteriales;f__Nocardioidaceae;g__Nocardioides,d__Bacteria;p__Proteobacteria;c__Gammaproteobacteria;o__Enterobacterales;f__Pasteurellaceae;g__Haemophilus,d__Bacteria;p__Firmicutes;c__Bacilli;o__Exiguobacterales;f__Exiguobacteraceae;g__Exiguobacterium,d__Bacteria;p__Actinobacteriota;c__Actinobacteria;o__Micrococcales;f__Cellulomonadaceae;g__Tropheryma,d__Bacteria;p__Firmicutes;c__Bacilli;o__Thermoactinomycetales;f__Thermoactinomycetaceae;g__Thermoactinomycetaceae,d__Bacteria;p__Firmicutes;c__Clostridia;o__Lachnospirales;f__Lachnospiraceae;g__Oribacterium,d__Bacteria;p__Bacteroidota;c__Bacteroidia;o__Bacteroidales;f__Porphyromonadaceae;g__Porphyromonas,d__Bacteria;p__Firmicutes;c__Clostridia;o__Peptostreptococcales-Tissierellales;f__Family_XI;g__Anaerococcus,d__Bacteria;p__Bacteroidota;c__Bacteroidia;o__Bacteroidales;f__Prevotellaceae;g__Prevotella,d__Bacteria;p__Firmicutes;c__Negativicutes;o__Veillonellales-Selenomonadales;f__Veillonellaceae;g__Megasphaera,d__Bacteria;p__Proteobacteria;c__Gammaproteobacteria;o__Pseudomonadales;f__Moraxellaceae;g__Moraxella,d__Bacteria;p__Firmicutes;c__Clostridia;o__Lachnospirales;f__Lachnospiraceae;g__Herbinix,d__Bacteria;p__Firmicutes;c__Clostridia;o__Clostridiales;f__Clostridiaceae;g__Clostridium_sensu_stricto_15,d__Bacteria;p__Firmicutes;c__Bacilli;o__Alicyclobacillales;f__Alicyclobacillaceae;g__Alicyclobacillus,d__Bacteria;p__Firmicutes;c__Clostridia;o__Clostridiales;f__Clostridiaceae;g__Clostridium_sensu_stricto_3,d__Bacteria;p__Patescibacteria;c__Saccharimonadia;o__Saccharimonadales;f__Saccharimonadaceae;g__TM7a,d__Bacteria;p__Proteobacteria;c__Gammaproteobacteria;o__Burkholderiales;f__Oxalobacteraceae;g__Massilia,d__Bacteria;p__Firmicutes;c__Clostridia;__;__;__,d__Bacteria;p__Bacteroidota;c__Bacteroidia;o__Bacteroidales;f__Tannerellaceae;g__Tannerella,d__Bacteria;p__Firmicutes;c__Clostridia;o__Lachnospirales;f__Lachnospiraceae;g__Anaerostipes,d__Bacteria;p__Firmicutes;c__Bacilli;o__Bacillales;f__Bacillaceae;g__Calditerricola,d__Bacteria;p__Firmicutes;c__Bacilli;o__Staphylococcales;f__Staphylococcaceae;g__Corticicoccus,d__Bacteria;p__Proteobacteria;c__Gammaproteobacteria;o__Xanthomonadales;f__Xanthomonadaceae;g__Stenotrophomonas,d__Bacteria;p__Actinobacteriota;c__Actinobacteria;o__Pseudonocardiales;f__Pseudonocardiaceae;__,d__Bacteria;p__Firmicutes;c__Bacilli;o__Lactobacillales;__;__,d__Bacteria;p__Firmicutes;c__Bacilli;o__Erysipelotrichales;f__Erysipelatoclostridiaceae;g__Candidatus_Stoquefichus,d__Bacteria;p__Patescibacteria;c__Saccharimonadia;o__Saccharimonadales;f__Saccharimonadales;g__Saccharimonadales,d__Bacteria;p__Firmicutes;c__Bacilli;o__Aneurinibacillales;f__Aneurinibacillaceae;g__Aneurinibacillus,d__Bacteria;p__Proteobacteria;c__Alphaproteobacteria;o__Rhizobiales;f__Rhizobiaceae;g__Pseudochrobactrum,d__Bacteria;p__Fusobacteriota;c__Fusobacteriia;o__Fusobacteriales;f__Fusobacteriaceae;g__Fusobacterium,d__Bacteria;p__Firmicutes;c__Clostridia;o__Caldicoprobacterales;f__Caldicoprobacteraceae;g__Caldicoprobacter,d__Bacteria;p__Bacteroidota;c__Bacteroidia;o__Flavobacteriales;f__Weeksellaceae;g__Chryseobacterium,d__Bacteria;p__Firmicutes;__;__;__;__,d__Bacteria;p__Firmicutes;c__Clostridia;o__Lachnospirales;f__Lachnospiraceae;g__[Eubacterium]_oxidoreducens_group,d__Bacteria;p__Firmicutes;c__Bacilli;o__Lactobacillales;f__Lactobacillaceae;g__Latilactobacillus,d__Bacteria;p__Firmicutes;c__Bacilli;o__Mycoplasmatales;f__Mycoplasmataceae;g__Ureaplasma,d__Bacteria;p__Actinobacteriota;c__Coriobacteriia;o__Coriobacteriales;f__Atopobiaceae;g__Atopobium,d__Bacteria;p__Firmicutes;c__Clostridia;o__Lachnospirales;f__Lachnospiraceae;g__Stomatobaculum,d__Bacteria;p__Firmicutes;c__Bacilli;o__Thermoactinomycetales;f__Thermoactinomycetaceae;g__Planifilum,d__Bacteria;p__Firmicutes;c__Bacilli;o__Erysipelotrichales;f__Erysipelotrichaceae;g__Solobacterium,d__Bacteria;p__Proteobacteria;c__Gammaproteobacteria;o__Pseudomonadales;f__Pseudomonadaceae;g__Pseudomonas,d__Bacteria;p__Actinobacteriota;c__Actinobacteria;o__Kineosporiales;f__Kineosporiaceae;g__Quadrisphaera,d__Bacteria;p__Proteobacteria;c__Gammaproteobacteria;o__Burkholderiales;f__Neisseriaceae;g__uncultured,d__Bacteria;p__Actinobacteriota;c__Actinobacteria;o__Micrococcales;f__Microbacteriaceae;g__Aurantimicrobium,d__Bacteria;p__Planctomycetota;c__Planctomycetes;o__Planctomycetales;f__uncultured;g__uncultured,d__Bacteria;p__Firmicutes;c__Bacilli;o__Staphylococcales;f__Gemellaceae;g__Gemella,d__Bacteria;p__Actinobacteriota;c__Actinobacteria;o__Micrococcales;f__Micrococcaceae;g__Micrococcus,d__Bacteria;p__Proteobacteria;c__Gammaproteobacteria;o__Enterobacterales;f__Aeromonadaceae;g__Aeromonas,d__Bacteria;p__Spirochaetota;c__Spirochaetia;o__Spirochaetales;f__Spirochaetaceae;g__Treponema,d__Bacteria;p__Firmicutes;c__Clostridia;o__Peptococcales;f__Peptococcaceae;g__Peptococcus,d__Bacteria;p__Proteobacteria;c__Alphaproteobacteria;o__Rhizobiales;f__Rhizobiaceae;g__Aureimonas,d__Bacteria;p__Bacteroidota;c__Bacteroidia;o__Flavobacteriales;f__Weeksellaceae;g__Bergeyella,d__Bacteria;p__Desulfobacterota;c__Desulfovibrionia;o__Desulfovibrionales;f__Desulfovibrionaceae;__,d__Bacteria;p__Bacteroidota;c__Bacteroidia;o__Flavobacteriales;f__Flavobacteriaceae;g__Flavobacterium,d__Bacteria;p__Proteobacteria;c__Alphaproteobacteria;o__Rhizobiales;f__Rhizobiales_Incertae_Sedis;g__Bauldia,d__Bacteria;p__Proteobacteria;c__Gammaproteobacteria;o__Burkholderiales;f__Burkholderiaceae;g__Lautropia,d__Bacteria;p__Firmicutes;c__Clostridia;o__Clostridiales;f__Clostridiaceae;g__Candidatus_Arthromitus,sample-site,day,experiment,antibiotic-usage
1-551-D0,2.83197,138958,37331,428,42156,228658,27426,24980,40,31,124563,6837,8151,23681,94210,15,11061,0,14678,14745,2538,3575,6068,0,15695,6248,2680,84,166,970,3973,5454,2835,7,2028,17,2764,516,0,1539,809,1417,398,667,2571,4373,1882,2494,887,0,1785,940,645,2569,489,325,230,1172,0,0,374,0,0,561,7,306,195,246,0,0,0,0,0,6,0,0,172,0,0,0,49,151,3,337,0,0,25,56,0,0,93,0,0,34,0,0,28,0,13,0,0,22,0,0,81,0,0,0,0,0,0,0,0,0,0,0,123,0,0,16,0,0,0,0,0,0,0,0,0,0,42,0,0,0,0,245,0,0,0,0,0,0,13,30,0,8,0,0,0,0,0,0,0,0,0,0,0,0,0,0,0,0,0,11,6,0,0,0,0,0,0,0,0,0,0,0,6,0,0,0,5,0,0,0,2,0,0,0,0,0,0,0,0,0,0,0,0,0,0,0,0,0,11,0,0,13,0,0,0,0,0,0,0,0,0,0,0,0,0,9,0,0,0,0,0,0,0,0,0,0,0,0,0,0,0,0,0,0,9,0,0,0,0,0,0,0,0,0,0,0,0,0,0,0,0,0,0,0,0,0,0,0,0,0,0,0,0,0,0,0,3,0,0,0,0,0,0,0,0,0,0,0,0,0,0,0,0,fecal pellet,0,Plateau + 4 REPEAT,No
10-562-D40,1.91929,117608,74026,43418,42380,232180,15588,17729,8,10,73145,85,6836,8351,145002,29,16470,14,8492,16095,6875,2353,5300,0,11733,9656,944,16,1048,3641,7531,6435,2763,885,6618,1174,3075,488,0,1398,604,2302,662,1314,3058,2499,1033,4722,1438,0,2205,3334,3643,1922,579,516,7,529,0,0,201,0,0,1128,665,421,180,335,0,0,0,0,0,0,0,0,79,0,0,0,0,0,0,278,0,0,16,30,0,0,0,58,0,80,0,0,50,0,19,0,0,9,0,0,32,0,0,0,0,0,0,0,0,0,0,0,35,0,0,0,0,0,0,7,0,0,0,0,0,0,0,0,52,0,0,64,0,0,0,33,29,0,13,30,0,0,13,0,0,0,0,0,40,0,0,0,0,22,0,0,0,0,0,0,0,0,0,0,0,0,0,0,0,0,0,0,0,0,0,0,4,0,9,0,0,0,0,0,0,0,0,0,0,0,0,0,0,0,0,0,0,0,0,0,0,0,0,2,0,0,0,0,6,0,0,0,0,12,0,0,0,0,0,0,0,0,0,0,0,0,0,0,0,0,0,0,0,0,0,0,0,0,0,0,0,0,0,2,0,4,0,0,0,0,0,0,0,0,0,0,0,0,0,0,0,0,0,0,0,0,0,0,0,0,0,0,0,0,0,0,2,0,0,0,0,0,0,fecal pellet,40,Plateau + 4 REPEAT,No
11-573-D40,2.64633,117975,99989,36161,91029,272754,35142,24015,339,46,44663,133,10117,19166,69137,23,5807,329,10761,8952,2939,2864,3328,151,8141,4842,2170,221,156,200,3134,3179,272,1021,2209,5,4472,655,91,1757,1032,802,376,769,1207,855,567,1860,1417,0,549,2081,1760,600,631,619,46,335,22,5,465,0,15,637,368,258,33,337,0,0,0,17,0,13,0,0,119,0,0,4,0,192,0,210,9,0,39,42,0,0,104,0,0,91,0,0,150,0,10,0,0,18,0,7,31,0,0,0,0,0,0,0,0,0,0,0,29,0,0,18,0,0,0,0,0,0,0,0,0,0,43,0,0,0,0,200,0,8,0,8,0,0,9,20,0,0,0,0,0,0,0,24,0,2,0,0,0,0,0,0,0,0,0,0,0,0,0,0,0,0,0,0,0,0,0,0,0,0,0,0,0,0,0,0,0,0,0,0,0,5,0,0,0,0,0,0,0,0,0,0,0,0,6,0,0,19,21,0,0,0,0,0,0,0,0,0,0,0,0,6,0,0,0,0,0,0,0,0,0,0,0,0,9,0,0,0,0,4,0,0,0,0,0,0,0,0,0,0,0,0,0,0,0,0,5,0,0,0,0,0,0,0,0,0,0,0,0,0,0,0,0,0,0,0,0,0,0,0,0,0,0,0,0,0,0,0,0,fecal pellet,40,Plateau + 4 REPEAT,No
12-595-D40,3.78375,119320,74586,39009,55284,232087,21488,26177,199,58,14763,101,30477,15615,15148,15,2073,128,5263,2559,791,3402,1541,64,2373,1424,1431,137,155,4767,1248,1089,403,868,794,0,1772,523,42,765,674,338,528,177,306,387,407,690,443,0,528,5017,1424,315,97,428,19,11,12,10,431,0,14,112,176,19,44,292,0,0,9,7,0,0,0,0,133,0,0,0,0,71,6,108,0,0,27,9,0,0,53,0,0,31,0,0,62,0,16,0,0,30,0,0,77,0,0,0,0,0,0,0,0,0,0,0,68,0,0,13,0,0,0,0,0,0,0,0,0,0,35,0,0,0,0,2,0,0,0,0,4,0,5,16,0,0,0,0,146,0,0,28,0,0,0,0,0,0,0,0,0,0,0,0,0,0,0,0,0,0,0,0,0,0,0,0,0,0,0,0,2,0,0,0,0,0,0,0,0,0,0,0,0,0,0,7,0,0,0,0,0,0,3,0,0,0,7,0,0,0,0,0,0,0,0,0,0,0,2,0,0,0,0,0,0,0,0,0,0,0,0,8,0,3,0,0,0,0,0,0,0,0,0,0,0,0,0,0,0,0,0,0,0,0,0,0,0,0,0,0,0,0,0,0,0,0,0,0,0,0,0,0,0,0,0,0,0,0,0,0,0,0,0,0,0,0,0,fecal pellet,40,Plateau + 4 REPEAT,No
13-551-Cecum,3.21635,92212,33262,29529,36712,202286,15955,24987,287,59,101998,39,10048,4258,120444,0,14008,207,13054,10847,5187,2677,5662,124,6800,5316,1039,148,601,122,3164,2277,836,358,3730,7,3005,288,0,882,394,1637,301,794,3320,1146,380,7215,445,0,1392,316,1554,835,1260,457,58,174,22,9,60,0,0,563,319,301,200,171,0,0,7,16,0,20,0,0,37,0,0,0,0,199,0,152,0,0,13,41,0,0,80,15,0,77,0,0,73,0,0,0,0,41,0,0,39,0,0,0,0,0,0,0,0,0,0,0,6,0,0,15,0,0,0,0,0,0,0,0,0,0,37,0,0,0,0,96,0,25,0,12,0,0,23,9,0,13,14,0,0,0,0,0,17,0,0,0,0,5,0,0,0,0,0,0,6,0,0,0,0,0,0,0,0,0,0,0,0,0,0,0,6,0,0,0,0,0,0,0,0,0,0,0,0,0,0,4,0,0,0,0,0,0,4,0,0,0,8,0,0,0,0,0,0,0,0,3,0,0,0,0,0,0,0,0,0,0,0,0,0,0,0,9,3,3,0,0,0,0,0,4,0,0,0,0,0,0,2,0,0,0,0,0,0,0,0,2,0,0,0,0,0,0,0,0,0,0,0,0,0,0,0,0,0,0,0,0,0,0,0,0,0,0,0,0,0,0,0,cecum,42,Plateau + 4 REPEAT,No
14-562-Cecum,1.75543,211069,251727,55401,116338,605671,44025,40094,450,178,282956,167,26081,20523,326471,7,45474,546,21758,31009,24686,3282,7885,292,21054,15710,1614,266,1151,2580,16632,8429,6669,3020,13133,1816,10491,1053,110,3984,682,4193,1127,2026,6568,4946,3712,9838,1837,20,4547,1383,3708,3100,3145,1151,52,522,41,9,469,0,48,1584,831,820,407,512,16,0,0,38,16,20,0,0,131,0,0,11,0,104,4,609,0,0,64,135,0,0,74,92,6,259,0,3,308,0,6,0,0,24,0,5,95,0,0,0,11,0,0,0,0,0,0,7,91,0,0,27,0,0,0,0,0,0,0,0,0,0,48,0,44,0,0,197,0,30,0,27,8,0,33,49,0,46,55,0,0,0,0,39,49,0,0,0,0,18,0,0,0,0,0,0,0,0,0,0,0,0,0,0,0,0,0,0,4,0,0,0,32,0,9,0,21,0,0,0,0,18,0,0,0,0,0,10,0,0,0,0,0,0,0,0,0,0,7,0,0,0,0,0,0,0,0,0,0,0,11,0,0,0,0,0,0,0,0,0,0,0,0,0,0,0,0,0,0,0,2,0,0,0,0,0,0,0,5,0,0,0,0,0,0,0,0,0,0,0,0,0,0,0,0,2,0,2,0,0,0,0,0,0,0,0,0,0,0,0,0,0,0,0,0,0,0,0,0,cecum,42,Plateau + 4 REPEAT,No
15-573-Cecum,3.11939,55487,94558,23875,47583,208279,21436,26363,240,34,101310,83,10729,5495,136352,14,13418,180,10184,11513,8624,1719,6537,93,11001,7449,662,112,1104,175,2403,3902,771,908,3425,9,4816,463,0,1526,339,2009,361,1067,3312,1529,439,3017,456,0,1473,1103,1128,532,1562,470,22,394,14,0,303,0,15,689,193,361,118,264,0,0,0,14,0,11,0,0,48,0,0,0,0,71,0,99,0,0,30,38,0,0,48,22,0,114,0,0,142,0,0,0,0,21,0,0,32,0,0,0,0,0,0,0,0,0,0,0,11,0,0,0,0,0,0,0,0,0,0,0,0,0,37,0,16,0,0,9,0,23,0,5,0,0,4,31,0,13,20,0,146,0,0,0,15,0,0,0,0,0,0,0,0,0,0,0,38,0,0,0,0,0,0,0,0,0,0,0,3,0,0,0,0,0,7,0,5,0,0,0,0,5,0,0,0,0,0,7,0,0,0,0,0,0,0,0,0,0,0,0,0,0,0,0,0,0,0,4,5,0,9,0,0,0,0,0,0,0,0,0,0,0,0,0,0,0,0,0,0,0,0,0,0,0,0,0,0,0,0,15,5,0,0,0,0,0,0,0,0,0,0,0,0,0,0,0,0,0,0,0,0,0,0,0,0,0,0,0,3,0,0,0,0,2,2,0,0,0,0,cecum,42,Plateau + 4 REPEAT,No
16-595-Cecum,2.82407,126572,25076,29193,33582,183179,12100,19898,161,69,79690,134,12875,5248,87378,18,7663,123,7808,10360,6962,3951,3891,50,6547,7006,1782,91,901,915,2199,2477,783,275,4190,5,2221,328,33,1021,458,1440,559,603,2214,1150,206,3606,448,3,1139,943,590,381,927,341,7,53,0,0,203,0,10,520,495,255,98,201,0,0,0,6,0,0,0,0,54,0,0,0,0,13,0,251,0,0,36,42,0,0,0,35,0,69,0,0,52,0,4,0,0,56,0,0,30,0,0,0,0,0,0,0,0,0,0,0,7,0,0,56,0,0,0,0,0,0,0,0,0,0,45,0,10,0,0,4,0,17,0,10,11,0,5,26,0,10,0,0,0,0,0,0,17,0,0,0,0,0,0,0,0,0,0,0,12,0,0,0,0,0,0,0,0,0,0,0,2,0,0,0,4,0,5,0,0,0,0,0,0,3,0,0,0,0,0,0,0,0,0,0,0,0,21,0,0,0,0,0,0,0,0,0,3,0,0,0,0,0,19,0,0,0,0,0,0,0,0,0,0,0,0,0,0,0,0,0,18,0,4,8,6,0,0,0,0,0,0,6,0,3,0,0,0,0,0,0,0,0,0,0,0,0,0,0,0,0,0,0,0,0,0,0,0,0,0,0,0,0,0,0,0,0,0,0,0,0,0,cecum,42,Plateau + 4 REPEAT,No
17-555-D0,6.672408948,3629,26841,337,3831,3853,2726,25641,1314,3526,1015,24746,125,808,1254,25,87,83992,97,53,40,27,54,49761,46,753,0,34791,12,8,27,20,192,107,21,10,8,0,40210,1647,6,12,7,8,13,10,5,23,7,2419,0,0,6,0,11,0,3834,21,12917,413,0,316,8113,0,0,0,0,0,2071,735,63,10333,2704,1830,0,0,0,1176,0,2356,484,0,2863,0,1904,0,0,10,399,0,0,48,1338,647,151,546,0,100,0,960,1852,47,0,1531,0,350,0,0,1104,0,713,0,591,202,193,672,0,0,0,0,545,0,534,0,0,45,496,0,0,498,0,229,0,440,0,0,105,0,411,0,20,0,0,0,370,0,23,0,0,0,152,0,21,0,0,260,255,5,0,194,234,0,0,242,0,0,86,110,0,198,0,310,0,0,0,0,0,0,0,41,2,0,10,0,0,139,0,127,0,2,0,58,0,133,0,0,0,83,0,0,0,20,0,0,71,0,0,0,0,0,0,0,6,0,0,0,0,0,0,0,0,0,0,0,0,32,0,0,0,0,0,0,0,0,10,0,0,0,0,0,0,0,19,0,0,0,0,0,0,0,0,0,0,0,0,0,0,0,0,0,0,0,0,0,0,0,0,0,0,0,0,0,0,0,0,0,0,0,0,0,0,0,0,0,0,0,0,fecal pellet,0,Plateau + 4 ABX Arm Cage #2,Yes
18-566-D0,1.3657525,3922,33425,364,6965,1954,3120,12421,584269,3056,845,13278,127,1394,5093,15,63,78747,64,91,38,31,34,31034,37,89,11,31877,19,23,24,1722,5,331,32,0,13,3,14342,1245,0,6,0,0,26,0,9,16,6,1646,14,10,7,0,235,0,4001,13,3775,1642,0,8751,3670,0,5,0,0,0,1524,11111,273,2042,824,3826,4977,0,0,2474,0,661,739,0,11,0,581,2785,228,25,926,1613,0,52,5,0,2586,1185,0,1077,0,185,0,33,1055,0,0,1537,0,827,0,0,0,700,517,729,814,0,0,0,649,0,203,477,0,0,600,510,0,500,815,0,0,454,23,0,0,58,539,0,0,11,10,405,0,0,0,0,9,0,0,295,290,0,0,272,264,0,0,8,245,110,0,234,0,0,0,218,0,204,200,0,197,0,184,0,212,205,0,166,163,0,0,155,0,0,0,29,29,0,0,0,116,6,109,0,0,0,85,0,0,81,76,0,0,73,0,0,0,0,0,0,0,0,0,0,0,0,0,0,0,0,0,0,0,0,0,0,0,4,0,0,24,0,0,0,0,0,0,0,0,0,0,20,0,0,0,16,0,0,0,0,12,11,0,0,0,0,0,9,0,0,0,0,0,0,0,0,0,0,0,0,0,0,0,0,0,0,0,0,0,0,0,0,0,0,0,0,0,fecal pellet,0,Plateau + 4 ABX Arm Cage #2,Yes
19-577-D0,4.23137742,39654,292881,316,60507,11593,27933,33422,32224,30559,796,15533,146,10664,8554,25,81,65230,107,69,57,29,106,32542,138,768,35,30570,0,339,177,26,16,3852,45,14,315,0,13123,8679,10,7,0,4,351,24,0,15,3,9528,19,8,260,0,7,0,3735,20,5915,5657,675,532,3474,168,15,0,0,4,1389,357,4070,5038,0,5457,0,0,657,0,3087,128,1506,0,1579,0,1954,0,0,8,370,0,0,53,0,0,1029,1909,0,1390,0,820,0,0,0,0,0,0,888,0,0,747,0,0,0,0,0,0,0,104,0,940,207,548,0,524,0,0,0,0,499,0,0,0,0,0,442,0,0,0,0,21,27,0,7,0,0,0,10,311,0,0,0,0,0,0,0,0,157,0,0,219,0,0,233,7,0,0,0,105,0,0,0,0,0,184,0,0,169,0,0,163,0,0,3,265,0,0,159,0,124,0,0,0,0,0,172,0,0,0,0,0,0,0,0,0,70,0,0,0,59,59,0,55,4,0,0,0,0,0,0,0,0,0,0,0,0,0,9,0,0,0,0,0,0,0,0,0,0,0,0,0,0,0,0,0,0,0,0,0,0,0,0,0,0,0,0,0,0,6,0,0,0,0,0,0,7,0,0,0,0,0,0,0,0,0,0,0,0,0,0,0,0,0,0,0,0,0,0,fecal pellet,0,Plateau + 4 ABX Arm Cage #2,Yes
2-562-D0,1.49792,126507,100615,309,56147,168590,35497,9248,0,52,20550,2577,14958,4765,22202,24,5249,0,6508,2300,104,3266,712,0,3870,2371,373,37,121,3387,3587,2298,352,1173,1069,56,2669,350,0,882,885,235,383,243,426,405,485,878,538,0,720,786,3474,1326,555,314,211,0,0,4,84,0,0,293,849,115,74,168,0,0,0,0,0,0,0,0,69,0,0,0,215,65,0,153,0,0,56,9,0,0,40,0,0,0,0,0,36,0,54,0,7,34,0,0,68,0,0,0,0,0,0,0,0,0,0,0,27,0,0,0,0,0,0,0,0,0,0,0,0,0,11,0,0,0,0,157,0,13,0,0,0,0,12,25,0,3,0,0,0,0,0,0,6,0,0,0,0,0,0,0,0,0,0,56,0,0,0,0,0,0,0,0,0,0,0,0,0,0,0,0,4,0,0,0,0,0,0,0,0,4,0,0,0,0,0,4,0,0,0,0,0,0,0,0,0,0,13,0,0,0,0,0,0,0,0,12,0,0,0,0,0,0,0,0,0,0,0,0,0,0,0,5,0,0,0,0,0,0,0,0,0,0,0,0,0,0,0,0,0,0,0,0,0,0,5,0,0,0,0,0,0,0,0,0,0,0,0,0,0,0,0,0,0,0,0,0,0,0,0,0,0,0,0,0,0,0,0,fecal pellet,0,Plateau + 4 REPEAT,No
20-588-D0,0.47095395,1333,854239,316,1770,2672,1005,4439,590,757,931,4184,120,1384,2748,27,141,18667,62,190,219,43,54,9907,124,518,92,4936,5,176,49,33,12,16281,50,0,116,0,3294,784,9,18,0,5,59,18,11,9,10,158,15,32,13,27,13,4,978,132,1525,201,0,27,1041,45,9,29,0,0,528,0,92,136,489,588,6,90,0,125,0,174,480,0,71,0,90,17,150,26,175,0,0,76,0,0,57,139,0,0,0,0,43,5,0,4,0,26,0,0,0,0,37,0,155,132,0,0,24,0,0,0,0,14,0,17,0,0,6,0,23,0,0,0,52,65,0,0,49,0,0,20,36,0,16,0,0,0,9,34,0,32,0,0,20,0,0,0,0,16,0,87,0,38,22,10,0,41,147,45,0,0,0,0,0,0,0,0,44,0,0,0,6,0,8,23,0,0,50,0,0,0,0,91,0,0,27,0,0,0,83,11,31,76,0,11,0,0,0,61,0,69,97,0,9,50,0,0,0,13,0,0,40,38,36,35,34,0,21,25,29,27,0,0,0,0,13,0,0,0,0,0,0,0,5,19,17,0,0,0,0,5,0,10,11,11,0,3,0,0,9,0,8,0,0,0,0,0,0,0,5,0,0,4,0,0,0,0,0,0,0,0,0,0,0,0,0,0,0,fecal pellet,0,Plateau + 4 ABX Arm Cage #2,Yes
21-555-D10,9.521312785,189992,151797,162724,11663,583,139109,91524,17,64903,10856,11477,4184,921,47460,10481,184,0,17134,4305,6553,5828,3320,608,448,576,1498,145,1951,150,2444,1328,594,1763,471,3493,0,1434,0,9,1269,190,640,941,27,1172,0,283,6,0,251,1084,668,137,0,0,54,235,0,0,32,0,0,0,0,162,12,6,0,0,23,0,0,16,0,147,0,0,0,0,0,234,2,0,0,0,0,50,0,0,156,0,0,0,0,0,0,0,34,0,0,22,0,0,0,0,0,0,0,0,0,0,0,0,0,0,0,94,0,13,0,0,0,0,0,0,0,0,0,0,74,0,0,0,0,1085,0,6,0,0,0,0,0,0,0,5,0,0,0,0,0,60,0,0,0,0,0,3,0,0,0,0,0,0,3,0,0,0,0,0,0,0,0,0,0,0,0,0,0,0,0,0,0,0,3,0,0,0,0,7,0,0,0,0,0,7,0,0,0,0,0,0,10,0,0,13,10,0,0,0,0,0,0,0,0,12,9,0,5,6,0,0,0,0,0,0,0,0,0,0,0,10,0,0,0,14,0,7,0,0,0,0,0,0,0,0,6,3,0,0,0,0,0,0,0,0,0,0,0,0,0,0,0,0,0,0,0,0,0,5,0,0,4,0,0,0,0,0,0,0,0,0,0,0,0,0,0,fecal pellet,10,Plateau + 4 ABX Arm Cage #2,Yes
22-566-D10,12.88609556,132624,79381,130762,9273,689,116216,92817,12,45877,16037,12992,3553,162,36184,327,231,0,53,4644,90,5229,5380,874,930,346,1819,92,8814,634,882,1470,317,1010,790,17,0,821,0,5,8,127,428,710,103,658,0,83,5,0,95,3969,307,319,0,0,19,330,0,0,38,0,0,0,0,92,8,182,0,0,0,0,0,0,0,105,0,0,0,0,0,89,0,0,0,0,0,11,0,0,66,0,0,0,0,0,0,0,34,0,0,33,0,0,0,0,0,0,0,0,0,0,0,0,0,0,0,18,0,19,0,0,0,0,0,0,0,0,0,0,57,0,0,0,0,0,0,12,0,6,0,0,7,0,0,8,0,0,804,0,0,87,6,0,0,0,0,0,0,0,0,0,0,0,0,0,0,0,0,0,0,0,0,0,0,0,0,0,0,0,0,0,0,0,0,0,0,0,0,0,0,0,0,0,0,8,0,0,0,0,0,0,12,0,0,0,28,0,0,0,0,0,0,0,0,17,0,0,6,7,0,0,0,0,0,0,0,0,0,0,0,0,0,3,0,0,0,0,0,0,0,0,0,0,0,0,0,0,0,0,0,0,0,0,0,0,0,0,0,0,0,3,0,0,0,0,0,0,0,0,0,0,0,4,0,0,0,3,0,0,0,0,0,0,0,0,0,fecal pellet,10,Plateau + 4 ABX Arm Cage #2,Yes
23-577-D10,10.44350857,153159,57826,120859,8731,873,93227,78585,28,36330,29076,11637,3827,1693,78994,1647,44,0,91,12177,9530,5655,6453,886,1787,775,3810,127,6012,8894,1614,4076,90,644,1000,135,0,1428,0,4,11,288,518,2255,95,1427,5,551,3,0,256,871,755,927,0,0,54,722,0,3,93,0,0,0,0,154,0,0,0,0,0,0,0,20,0,151,0,0,0,0,0,248,0,0,0,0,0,48,0,0,142,18,0,0,0,0,0,0,52,0,0,42,0,0,0,0,0,0,0,0,0,0,0,0,0,0,0,36,0,17,0,0,0,0,0,0,0,0,0,0,62,0,10,0,0,674,0,25,0,17,0,0,28,0,0,14,18,0,0,0,0,0,6,0,0,0,0,9,0,0,0,0,0,0,0,0,0,0,0,0,0,0,0,0,0,0,3,0,0,0,9,0,4,0,7,0,0,0,0,8,0,0,0,0,0,4,0,0,0,0,0,0,10,0,0,0,23,0,0,0,0,0,0,0,0,9,0,0,3,4,0,0,0,0,0,0,0,0,0,0,0,0,0,10,0,0,0,0,4,10,0,0,0,0,0,0,0,0,0,0,0,0,0,0,0,0,0,0,0,0,0,0,8,0,0,0,3,0,0,0,5,0,0,0,0,0,0,0,0,0,0,0,0,2,2,0,0,fecal pellet,10,Plateau + 4 ABX Arm Cage #2,Yes
24-588-D10,8.148922221,349070,335490,265416,26393,2100,314913,169295,17,153481,108651,17624,10453,714,128882,13913,1576,0,256,33628,12677,12641,30101,1094,8494,2339,7446,154,13151,9198,7231,9154,716,4018,2992,262,25,2712,0,21,20,392,1665,4801,221,3410,20,1218,17,0,570,637,1905,1731,26,4,38,731,0,10,228,0,0,8,8,426,12,5,0,0,0,0,0,12,0,385,0,4,0,0,0,178,0,0,0,0,0,137,0,0,123,84,0,5,0,0,0,0,113,0,0,20,0,0,0,0,0,0,0,0,0,0,0,0,0,0,0,134,0,27,0,0,0,0,0,0,0,0,0,0,39,0,47,0,0,1264,0,15,0,28,14,0,25,0,0,48,66,0,0,0,0,123,37,0,0,0,0,25,0,0,0,0,0,0,0,0,0,0,0,0,0,0,0,0,0,0,4,0,0,0,42,0,9,0,24,0,0,0,0,17,0,0,0,0,0,11,0,0,0,0,0,0,11,0,0,0,0,0,0,0,0,0,0,0,9,0,0,0,7,0,0,0,0,7,0,0,0,0,0,0,0,12,0,0,0,0,0,7,0,0,0,0,0,0,0,0,0,0,0,0,0,0,0,0,0,0,0,0,0,0,0,0,0,0,0,0,0,0,0,0,0,0,0,0,0,0,0,0,0,0,0,0,0,0,0,0,0,fecal pellet,10,Plateau + 4 ABX Arm Cage #2,Yes
25-555-D40,5.16078913,175604,92129,116285,69049,693,25754,44709,25,22852,52004,37174,6652,11133,80426,12782,4844,0,17669,16321,9026,5025,8588,0,3797,3482,8054,94,3023,184,2420,5135,1604,930,3627,7582,0,1469,0,1206,1640,771,432,1367,18,3239,0,1630,0,0,899,93,988,960,0,0,30,1018,0,0,108,0,0,3,8,159,162,133,0,0,0,0,0,11,0,282,0,0,0,0,0,109,0,0,0,0,0,33,0,0,62,29,0,0,0,0,0,0,116,0,0,38,0,0,0,0,0,0,0,0,0,0,0,0,0,0,2,34,0,25,0,0,0,0,0,0,0,0,0,0,74,0,35,0,0,0,0,28,0,7,8,0,9,0,0,17,24,0,152,0,0,20,0,0,0,0,0,0,0,0,0,0,0,0,113,0,0,0,0,0,0,0,0,0,0,0,5,0,0,0,7,0,5,0,7,0,0,0,0,9,0,0,0,0,0,4,0,0,0,0,0,0,7,0,0,0,6,0,0,0,0,0,0,0,0,0,13,0,8,0,0,0,0,0,0,0,0,0,0,0,0,0,0,0,0,0,0,0,4,0,0,0,0,0,0,0,0,0,5,0,0,0,0,0,0,0,0,0,0,0,0,0,0,0,0,0,0,0,0,0,0,0,0,0,4,0,0,0,0,0,0,0,0,0,0,0,0,fecal pellet,40,Plateau + 4 ABX Arm Cage #2,Yes
26-566-D40,14.94191639,34356,114471,119145,76933,807,33159,116958,9,53514,23600,87174,12656,5690,41973,16578,2170,0,371,4228,2143,4023,3848,0,1147,1835,3140,65,1406,233,2016,1488,770,1362,1788,17,0,3930,0,683,1006,222,899,314,6,994,0,996,0,0,542,151,677,699,0,0,0,522,0,0,71,0,4,2,0,75,391,403,0,0,30,0,0,0,0,230,0,0,0,0,0,12,8,0,0,0,7,35,0,0,0,56,0,0,0,0,0,0,87,0,0,36,0,0,0,0,0,0,0,0,0,0,0,0,0,0,0,38,0,71,0,0,0,0,0,0,0,0,0,0,42,0,20,0,0,0,0,14,0,15,17,0,4,0,0,14,10,0,167,0,0,24,12,0,0,0,0,10,0,0,0,0,0,0,19,0,0,0,0,0,0,0,0,0,0,0,0,0,0,0,7,0,6,0,4,0,0,0,0,0,0,0,0,0,0,0,0,0,0,0,0,0,22,0,0,3,0,0,0,0,0,0,3,0,0,0,7,0,23,0,0,0,0,0,0,0,0,0,0,0,0,0,0,0,0,0,0,0,12,13,7,0,0,0,0,0,0,0,0,0,0,0,0,0,0,0,0,0,0,0,0,0,0,0,0,0,3,0,0,0,0,0,0,0,0,0,0,0,3,0,0,0,0,0,0,0,0,fecal pellet,40,Plateau + 4 ABX Arm Cage #2,Yes
27-577-D40,13.32202113,69971,51508,165030,86026,586,35079,111800,16,53270,20530,84557,10295,24506,40124,17629,3704,67,16902,4044,2745,4543,4699,37,1668,1619,2947,31,1158,220,1936,1431,828,3,1183,4056,0,2404,29,1346,2355,236,911,320,9,705,0,977,4,0,730,166,1442,447,158,0,0,361,0,0,92,0,7,0,4,109,281,361,0,0,0,0,0,0,0,396,0,4,0,0,0,0,9,0,0,0,0,4,0,0,0,47,0,0,0,0,0,0,82,0,0,60,0,0,0,0,0,0,0,0,0,0,0,0,0,0,0,64,0,0,0,0,0,0,0,0,4,0,0,0,0,0,0,0,0,249,0,0,0,10,18,0,0,0,0,0,25,0,0,0,0,27,11,0,0,0,0,0,0,0,0,0,0,0,0,0,0,0,0,0,0,0,0,0,0,0,0,0,0,0,0,0,0,0,0,0,0,0,0,0,0,0,0,0,0,0,0,0,0,0,0,0,0,0,0,0,0,0,0,0,0,0,0,0,0,0,0,0,0,0,0,0,0,0,0,0,0,0,0,0,0,0,0,0,0,0,0,0,0,0,0,0,0,0,0,0,0,0,0,0,0,0,0,0,0,0,0,0,0,0,0,0,0,0,0,0,0,0,0,0,0,0,0,0,0,0,0,0,0,0,0,0,0,0,0,0,0,fecal pellet,40,Plateau + 4 ABX Arm Cage #2,Yes
28-588-D40,7.442349288,138593,132991,141237,129719,724,48868,79241,407,41218,61612,71570,7937,19900,79750,13945,8832,43,801,14371,95,4990,11241,20,4033,3947,7118,35,12467,183,3637,2439,1294,1724,3699,19,0,2178,9,1255,921,433,550,1036,14,1807,0,1889,0,0,885,36,1239,1041,13,0,0,684,0,0,102,9,0,0,8,206,524,254,0,0,2,0,0,0,0,254,0,0,0,0,0,0,0,0,0,0,0,15,0,0,0,57,0,0,0,0,0,0,53,0,0,34,0,0,0,0,0,0,0,0,0,0,0,0,0,0,0,44,0,0,0,0,0,0,0,0,0,0,0,0,0,0,0,0,0,420,0,0,0,10,11,0,0,0,0,0,11,0,0,0,0,0,16,0,0,0,0,0,0,0,0,0,0,0,0,0,0,0,0,0,0,0,0,0,0,0,0,0,0,0,3,0,0,0,0,0,0,0,0,0,0,0,0,0,0,0,0,0,0,0,0,0,0,0,0,0,0,0,0,0,0,0,0,0,0,0,0,0,0,0,0,0,0,0,0,0,0,0,0,0,0,0,0,0,0,0,0,0,0,0,0,0,0,0,0,0,0,0,0,0,0,0,0,0,0,0,0,0,0,0,0,0,0,8,0,0,0,0,0,0,0,0,0,0,0,0,0,0,0,0,0,0,0,0,0,0,0,fecal pellet,40,Plateau + 4 ABX Arm Cage #2,Yes
29-555-Cecum,6.00082132,96030,104180,86337,48569,1113,18113,59035,31,14571,107835,39939,7046,20427,124910,22777,21097,34,23939,32235,17379,4306,27607,38,9020,5819,16008,33,9690,225,6456,7218,7176,1212,8913,9515,0,1179,7,1436,811,1433,490,1390,69,7587,0,2333,4,0,1807,27,1323,1173,131,0,0,1972,0,5,205,0,0,0,16,210,690,146,0,0,0,0,0,0,0,170,0,0,0,0,0,0,0,0,0,0,0,12,0,0,0,66,0,0,0,0,0,0,91,0,0,0,0,0,0,0,0,0,0,0,0,0,0,0,0,0,3,31,0,0,0,0,0,0,0,0,0,0,0,0,0,0,29,0,0,0,0,0,0,20,25,0,7,0,0,0,9,0,0,0,0,0,13,0,0,0,0,6,0,0,0,0,0,0,0,0,0,0,0,0,0,0,0,0,0,0,0,0,0,0,3,0,6,0,0,0,0,0,0,5,0,0,0,0,0,0,0,0,0,0,0,0,0,0,0,0,0,0,0,0,0,0,4,0,0,0,0,0,0,0,0,0,0,0,0,0,0,0,0,0,0,0,0,0,0,0,0,0,0,0,0,0,0,0,0,0,0,3,0,0,0,0,0,0,0,0,0,0,0,0,0,0,2,0,0,0,0,0,0,0,0,0,0,0,0,0,0,0,0,0,0,0,0,0,0,0,0,cecum,42,Plateau + 4 ABX Arm Cage #2,Yes
3-573-D0,2.87951,159113,83758,383,59712,206547,37780,21460,11,30,22114,5148,19557,27007,24807,0,7101,0,11938,2361,106,3990,2730,0,7706,2831,3917,58,35,3721,2726,3991,434,866,1357,2639,2317,576,0,1173,1008,377,481,183,703,695,992,153,335,0,1554,570,4004,1086,469,490,172,11,0,0,109,0,0,272,79,124,0,149,0,0,0,0,0,0,0,0,43,0,0,0,55,182,0,102,0,0,58,62,0,0,97,17,0,37,0,0,30,0,16,0,11,37,0,0,23,0,0,0,0,0,0,0,0,0,0,0,31,2,0,0,0,0,0,0,0,0,0,0,0,0,26,0,0,0,0,0,0,34,0,16,4,0,28,0,0,15,5,0,186,0,0,35,15,0,0,0,0,0,0,0,0,0,0,34,0,0,0,0,0,0,0,0,0,0,0,0,0,0,0,0,0,0,3,0,0,0,0,0,0,5,0,0,0,0,0,3,0,0,0,0,0,0,7,0,0,0,3,0,0,0,0,0,0,0,0,9,3,0,0,0,0,0,0,0,0,0,0,0,0,0,0,9,0,4,0,0,0,0,0,0,0,0,0,0,0,0,2,0,0,0,0,0,0,0,0,0,0,0,0,0,0,0,0,0,0,0,0,0,0,0,0,0,0,0,0,0,0,0,0,0,0,0,0,0,0,0,0,fecal pellet,0,Plateau + 4 REPEAT,No
30-566-Cecum,5.567077109,43154,122751,95331,82540,1058,30013,53956,4,16867,105700,43311,3938,7111,167622,17870,18646,15,1177,15686,13793,1566,28837,6,5909,7506,17121,0,8497,200,9430,8298,4320,1479,9698,19,0,1058,0,1527,610,1700,459,1233,49,4786,0,3052,4,0,1089,103,2505,725,413,0,0,2597,0,0,126,0,0,0,0,261,2512,153,0,0,4,0,0,0,0,205,0,0,0,0,0,0,0,0,0,0,0,21,0,0,0,74,0,2,0,0,0,0,84,0,0,0,0,0,0,0,0,0,0,0,0,0,0,0,0,0,0,40,0,0,0,0,0,0,0,0,0,0,0,0,0,0,45,0,0,172,0,0,0,21,26,0,9,0,0,0,8,0,0,0,0,26,24,0,0,0,0,13,0,0,0,0,0,0,0,0,0,0,0,0,0,0,0,0,0,0,0,0,0,0,4,0,5,0,0,0,0,0,0,0,0,0,0,0,0,0,0,0,0,0,0,0,0,0,0,0,0,0,0,0,0,0,3,0,7,0,0,10,0,0,0,0,0,0,0,0,0,0,0,0,0,0,0,0,0,0,0,0,0,0,0,0,0,0,0,0,0,4,0,0,0,0,0,0,0,0,0,0,0,0,0,0,0,0,0,0,0,0,0,0,0,0,0,0,0,0,0,0,0,0,0,0,0,0,0,0,0,cecum,42,Plateau + 4 ABX Arm Cage #2,Yes
31-577-Cecum,9.193532843,32714,64062,98503,59981,2462,23337,84902,0,15954,95194,59975,8175,15646,140022,26322,23564,0,19380,20826,12379,4318,18013,0,7606,4602,16557,107,8572,266,6588,7066,3324,735,8022,5489,0,891,0,1833,1101,1703,753,1198,34,6413,0,2996,13,0,1760,68,1812,1740,794,0,49,1389,0,0,204,0,0,2,24,187,1379,195,0,0,0,0,0,6,0,154,0,0,0,0,0,200,0,0,0,0,13,267,0,0,129,182,0,0,0,0,0,0,126,0,0,170,0,0,0,0,0,0,0,0,0,0,0,0,0,0,0,18,0,19,0,0,0,3,0,0,0,0,0,0,57,0,74,0,0,71,0,83,0,65,33,0,31,0,0,71,109,0,51,0,0,0,53,0,0,0,0,41,0,0,0,0,0,0,14,0,0,0,0,0,0,0,0,0,0,0,0,0,0,0,41,22,27,0,30,0,0,0,0,8,0,0,0,0,0,0,0,0,0,0,0,0,0,0,0,20,7,0,0,0,0,0,5,0,21,0,6,3,0,13,0,0,0,0,0,0,0,0,0,0,0,7,0,0,0,9,0,0,4,0,0,0,0,0,0,0,0,2,0,0,0,0,0,0,0,5,0,0,0,9,0,2,0,0,0,4,0,6,0,0,0,0,0,0,0,0,0,0,0,3,0,0,0,0,0,2,0,cecum,42,Plateau + 4 ABX Arm Cage #2,Yes
32-588-Cecum,4.372557578,90064,55357,72627,8522,1686,5518,21539,0,7468,44208,26211,1148,2983,51913,18841,10691,0,803,7123,98,785,17091,0,5610,1881,8418,31,4784,74,2357,3726,2009,654,3963,0,0,392,0,705,144,655,196,351,44,2967,18,1192,7,0,1347,72,2211,762,135,0,17,1190,0,0,18,0,0,0,15,134,830,97,0,0,0,0,0,6,0,69,0,0,0,0,0,71,4,0,0,0,0,107,0,0,61,77,0,0,0,0,0,0,30,0,0,87,0,0,0,0,0,0,0,0,0,0,0,0,0,0,0,8,0,9,0,0,0,2,0,0,0,0,0,0,41,0,0,0,0,4,0,36,0,28,20,0,30,0,0,37,43,0,0,0,0,0,31,0,0,0,0,14,0,0,0,0,0,0,0,0,0,0,0,0,0,0,0,0,0,0,0,0,0,0,9,0,11,0,12,0,0,0,0,0,0,0,0,0,0,0,0,0,0,0,0,0,5,0,0,0,13,0,0,0,0,0,0,0,12,6,0,0,0,0,0,0,0,0,0,0,0,0,0,0,0,0,11,0,0,0,0,0,6,0,0,0,0,0,0,0,0,0,0,0,0,0,0,0,0,0,10,0,0,0,0,3,0,0,0,0,0,0,0,0,0,0,0,0,0,0,0,0,0,0,0,0,0,0,0,0,0,cecum,42,Plateau + 4 ABX Arm Cage #2,Yes
4-595-D0,2.69412,460710,250532,833,113210,594993,75431,58878,21,140,70261,27067,58255,106713,96038,13,29347,0,37522,7466,269,9626,8615,0,24586,16816,12376,99,463,21798,8180,10201,3864,2889,7505,71,5885,3528,0,2705,4093,1030,3203,809,1676,3765,3110,7365,579,0,2521,4605,9061,3233,3063,959,1386,24,0,0,1321,0,0,981,530,582,207,631,0,0,6,0,0,9,0,0,327,0,0,0,287,109,7,752,0,0,277,148,0,0,61,67,0,86,0,0,132,0,40,0,0,20,0,0,209,0,0,0,0,0,0,0,0,0,0,0,276,0,0,0,0,0,0,0,0,0,0,0,0,0,19,0,39,0,0,308,0,19,0,24,14,0,29,13,0,33,62,0,41,0,0,0,77,0,0,0,0,28,0,0,0,0,0,127,0,0,0,0,0,0,0,0,0,0,0,0,4,0,0,0,43,0,9,0,22,0,0,0,0,21,0,0,0,0,0,11,0,0,0,0,0,0,0,0,0,0,10,0,0,0,0,0,4,0,0,0,0,0,4,0,0,0,0,0,0,0,0,0,0,0,0,0,0,0,0,0,0,2,0,0,0,0,0,0,0,0,0,4,0,0,0,0,0,0,0,0,0,0,0,0,0,0,0,0,0,0,0,0,0,0,0,0,0,0,0,4,0,0,0,0,0,0,0,0,0,0,2,fecal pellet,0,Plateau + 4 REPEAT,No
5-551-D10,2.79606,195900,16085,68238,66080,228776,25736,22441,9,35,37820,74,20363,20581,35961,16,4308,0,9298,4722,545,5498,1535,0,5803,2799,463,41,251,6054,1964,2532,460,186,1350,59,3341,536,0,1557,958,456,599,327,407,425,1265,800,648,0,698,151,306,399,444,333,157,157,0,0,121,0,0,332,246,137,178,226,0,0,7,0,0,11,0,0,111,0,0,0,0,50,0,110,0,0,357,42,0,0,45,30,0,55,0,0,68,0,16,0,0,37,0,0,39,0,0,0,0,0,0,0,0,0,0,0,53,0,0,12,0,0,0,0,0,0,0,0,0,0,24,0,13,0,0,0,0,14,0,0,10,0,13,11,0,6,38,0,123,0,0,15,0,0,0,0,0,0,0,0,0,0,0,0,40,0,0,0,0,0,0,0,0,0,0,0,0,0,0,0,9,0,5,0,5,0,0,0,0,0,0,0,0,0,0,5,0,0,0,0,0,0,0,0,0,0,8,0,0,0,0,0,0,0,0,0,0,0,11,0,0,0,0,0,0,0,0,0,0,0,0,0,0,0,0,0,0,6,0,0,0,0,0,0,0,0,0,2,4,0,0,0,0,0,0,0,0,0,0,0,0,0,0,0,0,0,3,0,0,0,0,0,0,0,0,0,0,0,0,0,0,0,0,0,0,0,0,fecal pellet,10,Plateau + 4 REPEAT,No
6-562-D10,2.94842,114467,104619,50305,92247,191885,32871,22086,22,52,22687,244,14553,18699,34949,16,4249,0,8928,2142,294,4633,1402,0,2248,1569,1391,37,149,146,2002,871,430,1313,1302,6,3217,231,0,1392,677,232,357,279,188,518,111,1710,430,0,602,284,1888,591,357,968,96,21,0,0,213,0,0,221,213,147,64,226,0,0,0,0,0,0,0,0,60,0,0,0,0,11,0,94,0,0,70,30,0,0,0,53,0,38,0,0,63,0,22,0,0,32,0,0,60,0,0,0,0,0,0,0,0,0,0,0,28,0,0,31,0,0,0,0,0,0,0,0,0,0,30,0,6,0,0,1,0,9,0,12,9,0,8,25,0,10,14,0,199,0,0,38,11,0,0,0,0,6,0,0,0,0,0,0,0,0,0,0,0,0,0,0,0,0,0,0,0,0,0,0,4,0,6,0,0,0,0,0,0,0,0,0,0,0,0,0,0,0,0,0,0,0,11,0,0,12,0,0,0,0,0,0,0,0,0,0,3,0,0,0,0,0,0,0,0,0,0,0,0,0,0,4,0,0,0,0,4,0,10,0,7,0,0,0,0,0,0,0,0,0,0,0,0,0,0,0,0,0,0,0,0,0,0,0,0,0,0,0,0,0,0,0,0,0,0,0,0,0,0,0,0,0,0,0,0,0,0,fecal pellet,10,Plateau + 4 REPEAT,No
7-573-D10,2.35193,139239,116109,39110,56849,218260,25972,18231,0,37,32604,119,17682,6711,41003,21,6161,22,10388,2652,1398,3603,525,34,5828,2830,847,29,356,873,2052,3070,187,1145,1958,2598,3343,480,17,1548,672,221,537,547,461,245,340,872,1095,0,791,390,1044,128,715,505,265,123,6,0,120,0,0,488,287,161,12,232,0,0,0,0,0,0,0,0,113,0,0,0,0,0,0,125,0,0,209,8,0,0,0,51,0,48,0,0,20,0,13,0,0,61,0,0,46,0,0,0,0,0,0,0,0,0,0,0,11,0,0,2,0,0,0,0,0,0,0,0,0,0,0,0,0,0,0,82,0,0,0,7,25,0,4,52,0,0,26,0,87,0,0,0,0,0,0,0,0,8,0,0,0,0,0,0,0,0,0,0,0,0,0,0,0,0,0,0,0,0,0,0,0,0,0,0,0,0,0,0,0,0,0,0,0,0,0,0,0,0,0,0,0,0,0,0,0,0,0,0,0,0,0,0,4,0,0,0,0,0,0,0,0,0,0,0,0,0,0,0,0,0,0,0,0,0,0,0,0,0,0,0,0,0,0,0,0,0,0,0,0,0,0,0,0,0,0,0,0,0,0,0,0,0,0,0,0,0,0,0,0,0,0,0,0,0,0,0,0,0,0,0,0,0,0,0,0,0,0,fecal pellet,10,Plateau + 4 REPEAT,No
8-595-D10,3.23843,193304,153751,66115,93988,254799,37518,32032,319,42,27465,200,26843,16533,19299,17,3683,50,11227,3414,963,7011,1625,15,3174,1177,979,28,96,6113,3104,3103,448,1888,1815,18,3952,596,0,1537,739,293,942,171,330,802,266,819,870,0,441,229,930,454,590,535,51,18,0,0,268,6,0,380,317,95,39,260,0,0,4,0,0,0,0,0,135,0,0,0,0,0,0,108,0,0,154,14,0,0,0,64,0,49,0,0,86,0,16,0,0,24,0,0,37,0,0,0,0,0,0,0,0,0,0,0,57,0,0,0,0,0,0,0,0,0,0,0,0,0,0,0,21,0,0,182,0,0,0,11,8,0,5,14,0,0,12,0,0,0,0,0,12,0,0,0,0,6,0,0,0,0,0,0,0,0,0,0,0,0,0,0,0,0,0,0,0,0,0,0,6,0,6,0,0,0,0,0,0,0,0,0,0,0,0,0,0,0,0,0,0,0,0,0,0,0,0,0,0,0,0,0,0,0,0,0,0,4,0,0,0,0,0,0,0,0,0,0,0,0,0,0,0,0,0,0,0,0,0,0,0,0,0,0,0,0,0,0,0,0,0,0,0,0,0,0,0,0,0,0,0,0,0,0,0,0,0,0,0,0,0,0,0,0,0,0,0,0,0,0,0,0,0,0,0,0,0,fecal pellet,10,Plateau + 4 REPEAT,No
9-551-D40,3.58770,182433,40752,70412,68448,298195,26119,32665,23,24,34082,77,25086,21783,36700,24,7128,27,12742,5063,1561,4534,1857,17,4555,1858,834,38,335,4852,3003,1615,752,415,2113,14,3827,765,0,1753,1116,419,747,373,605,942,288,1052,848,3,710,369,1325,794,472,590,0,150,0,0,686,0,7,341,236,104,71,371,0,0,6,0,0,0,0,0,302,0,0,0,0,0,3,201,0,0,75,10,0,0,0,56,0,97,0,0,149,0,27,0,0,9,0,0,101,0,0,0,0,0,0,0,0,0,0,0,68,0,0,0,0,0,0,0,0,0,0,0,0,0,0,0,32,0,0,0,0,0,0,19,24,0,12,26,0,0,14,0,108,0,0,0,14,0,0,0,0,11,0,0,0,0,0,0,0,0,0,0,0,0,0,0,0,0,0,0,0,0,0,0,4,0,0,0,0,0,0,0,0,0,0,0,0,0,0,0,0,0,0,0,0,0,0,0,0,0,0,0,0,0,0,0,3,0,0,0,0,0,0,0,0,0,0,0,0,0,0,0,0,0,0,0,0,0,0,0,0,0,0,0,0,0,0,0,0,0,0,0,0,0,0,0,0,0,0,0,0,0,0,0,0,0,0,0,0,0,0,0,0,0,0,0,0,0,0,0,0,0,0,0,0,0,0,0,0,0,0,fecal pellet,40,Plateau + 4 REPEAT,No
,,,,,,,,,,,,,,,,,,,,,,,,,,,,,,,,,,,,,,,,,,,,,,,,,,,,,,,,,,,,,,,,,,,,,,,,,,,,,,,,,,,,,,,,,,,,,,,,,,,,,,,,,,,,,,,,,,,,,,,,,,,,,,,,,,,,,,,,,,,,,,,,,,,,,,,,,,,,,,,,,,,,,,,,,,,,,,,,,,,,,,,,,,,,,,,,,,,,,,,,,,,,,,,,,,,,,,,,,,,,,,,,,,,,,,,,,,,,,,,,,,,,,,,,,,,,,,,,,,,,,,,,,,,,,,,,,,,,,,,,,,,,,,,,,,,
,,,,,,,,,,,,,,,,,,,,,,,,,,,,,,,,,,,,,,,,,,,,,,,,,,,,,,,,,,,,,,,,,,,,,,,,,,,,,,,,,,,,,,,,,,,,,,,,,,,,,,,,,,,,,,,,,,,,,,,,,,,,,,,,,,,,,,,,,,,,,,,,,,,,,,,,,,,,,,,,,,,,,,,,,,,,,,,,,,,,,,,,,,,,,,,,,,,,,,,,,,,,,,,,,,,,,,,,,,,,,,,,,,,,,,,,,,,,,,,,,,,,,,,,,,,,,,,,,,,,,,,,,,,,,,,,,,,,,,,,,,,,,,,,,,,